{
	"pattrstorage" : 	{
		"name" : "default",
		"slots" : 		{
			"1" : 			{
				"id" : 1,
				"data" : 				{
					"Stereo[1]" : [ -14.59472613314778 ],
					"Stereo[2]" : [ -30.098133959592523 ],
					"Stereo[3]" : [ -20.021974858772857 ],
					"Stereo[4]" : [ -35.299775191377023 ],
					"Stereo[5]" : [ -25.312969886658834 ],
					"Stereo[7]" : [ -31.552414528906958 ],
					"amxd~" : [ 						{
							"filetype" : "C74Snapshot",
							"version" : 2,
							"minorversion" : 0,
							"name" : "Max EqGraphic31.amxd",
							"origin" : "Max EqGraphic31.amxd",
							"type" : "amxd",
							"subtype" : "Undefined",
							"embed" : 1,
							"snapshot" : 							{
								"name" : "Max EqGraphic31.amxd",
								"origname" : "C74:/packages/Max for Live/patchers/Max Audio Effect/Max EqGraphic31/Max EqGraphic31.amxd",
								"valuedictionary" : 								{
									"parameter_values" : 									{
										"GlobalQ" : 5.089929702831586,
										"MasterGain" : -0.787401574803155,
										"Band[1]" : -30.0,
										"Band[2]" : -30.0,
										"Band[3]" : -30.0,
										"Band[4]" : -30.0,
										"Band[5]" : -30.0,
										"Band[6]" : -30.0,
										"Band[7]" : -30.0,
										"Band[8]" : -30.0,
										"Band[9]" : -30.0,
										"Band[10]" : 0.0,
										"Band[11]" : 0.0,
										"Band[12]" : 0.0,
										"Band[13]" : 0.0,
										"Band[14]" : 0.0,
										"Band[15]" : 0.0,
										"Band[16]" : 0.0,
										"Band[17]" : 0.0,
										"Band[18]" : 0.0,
										"Band[19]" : 0.0,
										"Band[20]" : 0.0,
										"Band[21]" : 0.0,
										"Band[22]" : -3.511457135273822,
										"Band[23]" : -5.076719442004919,
										"Band[24]" : -6.262783794543154,
										"Band[25]" : -11.797289636128141,
										"Band[26]" : -21.034006307602439,
										"Band[27]" : -30.0,
										"Band[28]" : -30.0,
										"Band[29]" : -30.0,
										"Band[30]" : -30.0,
										"Band[31]" : -30.0
									}

								}

							}

						}
 ],
					"button[1]" : [ 1.0 ],
					"number" : [ 127 ],
					"number[10]" : [ 89 ],
					"number[11]" : [ 0 ],
					"number[15]" : [ 9 ],
					"number[16]" : [ 0.0 ],
					"number[1]" : [ 500 ],
					"number[2]" : [ 0 ],
					"number[3]" : [ 3000 ],
					"number[4]" : [ 2000 ],
					"number[5]" : [ 127 ],
					"number[6]" : [ 3990 ],
					"number[7]" : [ 0 ],
					"number[8]" : [ 19 ],
					"number[9]" : [ 0 ],
					"textbutton" : [ 0 ],
					"textbutton[1]" : [ -1 ],
					"textbutton[2]" : [ -1 ],
					"textbutton[3]" : [ -1 ],
					"textbutton[4]" : [ -1 ],
					"textbutton[5]" : [ -1 ],
					"toggle" : [ 1 ],
					"toggle[1]" : [ 1 ],
					"toggle[3]" : [ 1 ],
					"toggle[4]" : [ 1 ],
					"toggle[5]" : [ 1 ],
					"toggle[6]" : [ 1 ],
					"toggle[7]" : [ 1 ],
					"toggle[8]" : [ 1 ],
					"toggle[9]" : [ 0 ],
					"bp.Quantizer-MIDI::PitchActivityLED[1]" : [ 0.0 ],
					"bp.Quantizer-MIDI::PitchActivityLED[2]" : [ 0.0 ],
					"bp.Quantizer-MIDI::bypass" : [ 0.0 ],
					"bp.Quantizer-MIDI::kslider" : [ 0, 68, 2, 31, 3, 38, 5, 67, 7, 76, 8, 24, 10, 17 ],
					"bp.Quantizer-MIDI::score" : [ 0.0 ],
					"bp.MIDI to Signal::Bend" : [ 2.083333333333333 ],
					"bp.MIDI to Signal::ModWheelActivityLED" : [ 0.0 ],
					"bp.MIDI to Signal::NotePriority" : [ "Last Note Priority" ],
					"bp.MIDI to Signal::Triggering" : [ "Retrigger" ],
					"bp.MIDI to Signal::live.text" : [ 0.0 ],
					"bp.MIDI to Signal::note" : [ -2.416666666666667 ],
					"bp.MIDI to Signal::gate" : [ 0 ],
					"bp.MIDI to Signal::velocity" : [ 5.0 ],
					"bp.MIDI to Signal::mod" : [ 5.0 ],
					"bp.Oscillator::CV2" : [ 0.0 ],
					"bp.Oscillator::CV3" : [ 0.0 ],
					"bp.Oscillator::Freq" : [ 1046.502260469914745 ],
					"bp.Oscillator::FreqMode" : [ 1.0 ],
					"bp.Oscillator::Linear" : [ 0.0 ],
					"bp.Oscillator::Mute" : [ 0.0 ],
					"bp.Oscillator::Offset" : [ 23.999999999999957 ],
					"bp.Oscillator::PW" : [ 50.0 ],
					"bp.Oscillator::PWM" : [ 0.0 ],
					"bp.Oscillator::Waveform" : [ 0.0 ],
					"bp.ADSR::Attack" : [ 12.4000248000496 ],
					"bp.ADSR::Decay" : [ 445.923094153984948 ],
					"bp.ADSR::Legato" : [ 0.0 ],
					"bp.ADSR::Mute" : [ 0.0 ],
					"bp.ADSR::Release" : [ 917.000000000000114 ],
					"bp.ADSR::Sustain" : [ 27.480314960629968 ],
					"bp.ADSR[1]::Attack" : [ 49.614940896166019 ],
					"bp.ADSR[1]::Decay" : [ 417.999999999999943 ],
					"bp.ADSR[1]::Legato" : [ 0.0 ],
					"bp.ADSR[1]::Mute" : [ 0.0 ],
					"bp.ADSR[1]::Release" : [ 950.0 ],
					"bp.ADSR[1]::Sustain" : [ 0.0 ],
					"bp.Ladder::CV1" : [ 100.0 ],
					"bp.Ladder::CV2" : [ 0.0 ],
					"bp.Ladder::CV3" : [ 0.0 ],
					"bp.Ladder::Freq" : [ 12535.131254154855924 ],
					"bp.Ladder::FreqMode" : [ 0.0 ],
					"bp.Ladder::Offset[2]" : [ 0.0 ],
					"bp.Ladder::Res" : [ 0.0 ],
					"bp.Ladder::ResCV" : [ 0.0 ],
					"bp.Ladder::power[1]" : [ 0.0 ],
					"bp.Gigaverb::Damp" : [ 0.7 ],
					"bp.Gigaverb::Dry" : [ 1.0 ],
					"bp.Gigaverb::Early" : [ 0.25 ],
					"bp.Gigaverb::Regen" : [ 0.5 ],
					"bp.Gigaverb::Size" : [ 100.461742968273029 ],
					"bp.Gigaverb::Spread" : [ 50.559055118110194 ],
					"bp.Gigaverb::Tail" : [ 0.25 ],
					"bp.Gigaverb::Time" : [ 11.0 ],
					"bp.Gigaverb::bypass" : [ 0.0 ],
					"bp.VCA::Bypass" : [ 0.0 ],
					"bp.VCA::Quadrants" : [ 0.0 ],
					"bp.VCA::Response" : [ 0.0 ],
					"bp.Quantizer-MIDI[1]::PitchActivityLED[1]" : [ 0.0 ],
					"bp.Quantizer-MIDI[1]::PitchActivityLED[2]" : [ 0.0 ],
					"bp.Quantizer-MIDI[1]::bypass" : [ 0.0 ],
					"bp.Quantizer-MIDI[1]::kslider" : [ 0, 26, 2, 33, 3, 38, 5, 88, 7, 76, 8, 24, 10, 17 ],
					"bp.Quantizer-MIDI[1]::score" : [ 0.0 ],
					"bp.Oscillator[1]::CV2" : [ 0.0 ],
					"bp.Oscillator[1]::CV3" : [ 0.0 ],
					"bp.Oscillator[1]::Freq" : [ 261.625565410470585 ],
					"bp.Oscillator[1]::FreqMode" : [ 1.0 ],
					"bp.Oscillator[1]::Linear" : [ 0.0 ],
					"bp.Oscillator[1]::Mute" : [ 0.0 ],
					"bp.Oscillator[1]::Offset" : [ 0.0 ],
					"bp.Oscillator[1]::PW" : [ 50.0 ],
					"bp.Oscillator[1]::PWM" : [ 0.0 ],
					"bp.Oscillator[1]::Waveform" : [ 0.0 ],
					"bp.Oscillator[2]::CV2" : [ 0.0 ],
					"bp.Oscillator[2]::CV3" : [ 0.0 ],
					"bp.Oscillator[2]::Freq" : [ 130.812782778483324 ],
					"bp.Oscillator[2]::FreqMode" : [ 1.0 ],
					"bp.Oscillator[2]::Linear" : [ 0.0 ],
					"bp.Oscillator[2]::Mute" : [ 0.0 ],
					"bp.Oscillator[2]::Offset" : [ -11.999999999999979 ],
					"bp.Oscillator[2]::PW" : [ 50.0 ],
					"bp.Oscillator[2]::PWM" : [ 0.0 ],
					"bp.Oscillator[2]::Waveform" : [ 0.0 ],
					"bp.MIDI to Signal[1]::Bend" : [ 2.083333333333333 ],
					"bp.MIDI to Signal[1]::ModWheelActivityLED" : [ 0.0 ],
					"bp.MIDI to Signal[1]::NotePriority" : [ "Last Note Priority" ],
					"bp.MIDI to Signal[1]::Triggering" : [ "Retrigger" ],
					"bp.MIDI to Signal[1]::live.text" : [ 0.0 ],
					"bp.MIDI to Signal[1]::note" : [ -1.166666666666667 ],
					"bp.MIDI to Signal[1]::gate" : [ 5 ],
					"bp.MIDI to Signal[1]::velocity" : [ 5.0 ],
					"bp.MIDI to Signal[1]::mod" : [ 5.0 ],
					"bp.ADSR[2]::Attack" : [ 12.4000248000496 ],
					"bp.ADSR[2]::Decay" : [ 0.0 ],
					"bp.ADSR[2]::Legato" : [ 0.0 ],
					"bp.ADSR[2]::Mute" : [ 0.0 ],
					"bp.ADSR[2]::Release" : [ 16.39903279806558 ],
					"bp.ADSR[2]::Sustain" : [ 100.0 ],
					"bp.Waveshaper::Amount[1]" : [ 0.01 ],
					"bp.Waveshaper::Gain" : [ 0.0 ],
					"bp.Waveshaper::bypass[1]" : [ 0.0 ],
					"bp.VCA[1]::Bypass" : [ 0.0 ],
					"bp.VCA[1]::Quadrants" : [ 0.0 ],
					"bp.VCA[1]::Response" : [ 0.0 ],
					"bp.Granular[1]::sample" : [ "C:/Program Files/Cycling '74/Max 8/resources/media/msp/cello-f2.aif" ],
					"bp.Granular[1]::CV2" : [ 0.0 ],
					"bp.Granular[1]::Duration" : [ 358.300000000000011 ],
					"bp.Granular[1]::DurationRandomAmt" : [ 0.0 ],
					"bp.Granular[1]::MaxGrains" : [ 16.0 ],
					"bp.Granular[1]::Mute" : [ 0.0 ],
					"bp.Granular[1]::NewGrainEvery" : [ 5.0 ],
					"bp.Granular[1]::Offset" : [ 0.0 ],
					"bp.Granular[1]::Pan" : [ 0.0 ],